model,accuracy,macro_f1
random_forest,0.742016806722689,0.6692101055144533
logistic_regression,0.6369747899159663,0.4917087130151888
